--
-- PostgreSQL database dump
--

\restrict Ql47zIwr68jXANS8TwhEdAEBoNh7x2bsPcItFexZpJX0y8uM5MCf80Epz464Q0e

-- Dumped from database version 18.3 (Ubuntu 18.3-1.pgdg24.04+1)
-- Dumped by pg_dump version 18.3 (Ubuntu 18.3-1.pgdg24.04+1)

SET statement_timeout = 0;
SET lock_timeout = 0;
SET idle_in_transaction_session_timeout = 0;
SET transaction_timeout = 0;
SET client_encoding = 'UTF8';
SET standard_conforming_strings = on;
SELECT pg_catalog.set_config('search_path', '', false);
SET check_function_bodies = false;
SET xmloption = content;
SET client_min_messages = warning;
SET row_security = off;

SET default_tablespace = '';

SET default_table_access_method = heap;

--
-- Name: branches; Type: TABLE; Schema: public; Owner: -
--

CREATE TABLE public.branches (
    id bigint NOT NULL,
    name character varying(255) NOT NULL,
    address character varying(255),
    phone character varying(255),
    requires_validation boolean DEFAULT true NOT NULL
);


--
-- Name: branches_id_seq; Type: SEQUENCE; Schema: public; Owner: -
--

ALTER TABLE public.branches ALTER COLUMN id ADD GENERATED BY DEFAULT AS IDENTITY (
    SEQUENCE NAME public.branches_id_seq
    START WITH 1
    INCREMENT BY 1
    NO MINVALUE
    NO MAXVALUE
    CACHE 1
);


--
-- Name: categories; Type: TABLE; Schema: public; Owner: -
--

CREATE TABLE public.categories (
    id bigint NOT NULL,
    name character varying(255) NOT NULL
);


--
-- Name: categories_id_seq; Type: SEQUENCE; Schema: public; Owner: -
--

ALTER TABLE public.categories ALTER COLUMN id ADD GENERATED BY DEFAULT AS IDENTITY (
    SEQUENCE NAME public.categories_id_seq
    START WITH 1
    INCREMENT BY 1
    NO MINVALUE
    NO MAXVALUE
    CACHE 1
);


--
-- Name: inventories; Type: TABLE; Schema: public; Owner: -
--

CREATE TABLE public.inventories (
    id bigint NOT NULL,
    quantity integer NOT NULL,
    branch_id bigint NOT NULL,
    product_id bigint NOT NULL
);


--
-- Name: inventories_id_seq; Type: SEQUENCE; Schema: public; Owner: -
--

ALTER TABLE public.inventories ALTER COLUMN id ADD GENERATED BY DEFAULT AS IDENTITY (
    SEQUENCE NAME public.inventories_id_seq
    START WITH 1
    INCREMENT BY 1
    NO MINVALUE
    NO MAXVALUE
    CACHE 1
);


--
-- Name: product_exchanges; Type: TABLE; Schema: public; Owner: -
--

CREATE TABLE public.product_exchanges (
    id bigint NOT NULL,
    amount_difference double precision NOT NULL,
    created_at timestamp(6) without time zone NOT NULL,
    note character varying(255),
    paid_amount double precision NOT NULL,
    quantity integer NOT NULL,
    branch_id bigint NOT NULL,
    new_product_id bigint NOT NULL,
    sale_item_id bigint NOT NULL
);


--
-- Name: product_exchanges_id_seq; Type: SEQUENCE; Schema: public; Owner: -
--

ALTER TABLE public.product_exchanges ALTER COLUMN id ADD GENERATED BY DEFAULT AS IDENTITY (
    SEQUENCE NAME public.product_exchanges_id_seq
    START WITH 1
    INCREMENT BY 1
    NO MINVALUE
    NO MAXVALUE
    CACHE 1
);


--
-- Name: product_returns; Type: TABLE; Schema: public; Owner: -
--

CREATE TABLE public.product_returns (
    id bigint NOT NULL,
    created_at timestamp(6) without time zone NOT NULL,
    quantity integer NOT NULL,
    reason character varying(255),
    branch_id bigint NOT NULL,
    sale_item_id bigint NOT NULL
);


--
-- Name: product_returns_id_seq; Type: SEQUENCE; Schema: public; Owner: -
--

ALTER TABLE public.product_returns ALTER COLUMN id ADD GENERATED BY DEFAULT AS IDENTITY (
    SEQUENCE NAME public.product_returns_id_seq
    START WITH 1
    INCREMENT BY 1
    NO MINVALUE
    NO MAXVALUE
    CACHE 1
);


--
-- Name: products; Type: TABLE; Schema: public; Owner: -
--

CREATE TABLE public.products (
    id bigint NOT NULL,
    category character varying(255),
    description character varying(255),
    name character varying(255) NOT NULL,
    price double precision NOT NULL,
    category_id bigint
);


--
-- Name: products_id_seq; Type: SEQUENCE; Schema: public; Owner: -
--

ALTER TABLE public.products ALTER COLUMN id ADD GENERATED BY DEFAULT AS IDENTITY (
    SEQUENCE NAME public.products_id_seq
    START WITH 1
    INCREMENT BY 1
    NO MINVALUE
    NO MAXVALUE
    CACHE 1
);


--
-- Name: sale_items; Type: TABLE; Schema: public; Owner: -
--

CREATE TABLE public.sale_items (
    id bigint NOT NULL,
    quantity integer NOT NULL,
    subtotal double precision NOT NULL,
    unit_price double precision NOT NULL,
    product_id bigint NOT NULL,
    sale_id bigint NOT NULL
);


--
-- Name: sale_items_id_seq; Type: SEQUENCE; Schema: public; Owner: -
--

ALTER TABLE public.sale_items ALTER COLUMN id ADD GENERATED BY DEFAULT AS IDENTITY (
    SEQUENCE NAME public.sale_items_id_seq
    START WITH 1
    INCREMENT BY 1
    NO MINVALUE
    NO MAXVALUE
    CACHE 1
);


--
-- Name: sales; Type: TABLE; Schema: public; Owner: -
--

CREATE TABLE public.sales (
    id bigint NOT NULL,
    created_at timestamp(6) without time zone NOT NULL,
    total_amount double precision NOT NULL,
    branch_id bigint NOT NULL,
    sold_by_id bigint NOT NULL
);


--
-- Name: sales_id_seq; Type: SEQUENCE; Schema: public; Owner: -
--

ALTER TABLE public.sales ALTER COLUMN id ADD GENERATED BY DEFAULT AS IDENTITY (
    SEQUENCE NAME public.sales_id_seq
    START WITH 1
    INCREMENT BY 1
    NO MINVALUE
    NO MAXVALUE
    CACHE 1
);


--
-- Name: transfers; Type: TABLE; Schema: public; Owner: -
--

CREATE TABLE public.transfers (
    id bigint NOT NULL,
    created_at timestamp(6) without time zone NOT NULL,
    quantity integer NOT NULL,
    status character varying(255) NOT NULL,
    tracking_code character varying(255),
    updated_at timestamp(6) without time zone,
    dest_branch_id bigint NOT NULL,
    product_id bigint NOT NULL,
    requested_by_id bigint NOT NULL,
    source_branch_id bigint,
    justification character varying(255),
    CONSTRAINT transfers_status_check CHECK (((status)::text = ANY (ARRAY[('REQUESTED'::character varying)::text, ('APPROVED'::character varying)::text, ('SENT'::character varying)::text, ('RECEIVED'::character varying)::text])))
);


--
-- Name: transfers_id_seq; Type: SEQUENCE; Schema: public; Owner: -
--

ALTER TABLE public.transfers ALTER COLUMN id ADD GENERATED BY DEFAULT AS IDENTITY (
    SEQUENCE NAME public.transfers_id_seq
    START WITH 1
    INCREMENT BY 1
    NO MINVALUE
    NO MAXVALUE
    CACHE 1
);


--
-- Name: users; Type: TABLE; Schema: public; Owner: -
--

CREATE TABLE public.users (
    id bigint NOT NULL,
    password character varying(255),
    role character varying(255),
    username character varying(255),
    branch_id bigint,
    name character varying(255)
);


--
-- Name: users_id_seq; Type: SEQUENCE; Schema: public; Owner: -
--

ALTER TABLE public.users ALTER COLUMN id ADD GENERATED BY DEFAULT AS IDENTITY (
    SEQUENCE NAME public.users_id_seq
    START WITH 1
    INCREMENT BY 1
    NO MINVALUE
    NO MAXVALUE
    CACHE 1
);


--
-- Data for Name: branches; Type: TABLE DATA; Schema: public; Owner: -
--

COPY public.branches (id, name, address, phone, requires_validation) FROM stdin;
2	Sucursal Sur	Barrio las Acacias Mz 8 Cs 2b	3106116257	t
1	Sucursal Centro	Barrio Jesus Maria Ocampo Mz 3 Cs 7 Armenia Quindio	3113365449	t
3	Central Principal	Cr 25 22-248 Calarca Quindio	3206091952	t
4	Ejemplo	Ejemplo	333	t
\.


--
-- Data for Name: categories; Type: TABLE DATA; Schema: public; Owner: -
--

COPY public.categories (id, name) FROM stdin;
1	Tornillería y fijaciones
2	Herramientas
3	Pinturas
4	Herramientas manuales
5	Herramientas electricas
6	Pinturas y acabados
7	Ferreteria general
8	Seguridad industrial
9	Plomeria
10	Construccion
\.


--
-- Data for Name: inventories; Type: TABLE DATA; Schema: public; Owner: -
--

COPY public.inventories (id, quantity, branch_id, product_id) FROM stdin;
3	30	3	2
99	17	4	24
100	30	4	25
1	50	3	3
2	40	3	1
5	36	2	1
6	49	2	2
7	6	2	3
9	32	2	5
10	45	2	6
11	58	2	7
12	15	2	8
13	28	2	9
15	54	2	11
16	11	2	12
17	24	2	13
18	37	2	14
19	50	2	15
21	20	2	17
22	33	2	18
23	46	2	19
24	59	2	20
25	16	2	21
26	0	2	22
27	42	2	23
28	55	2	24
29	12	2	25
34	8	1	6
35	21	1	7
36	34	1	8
37	47	1	9
38	60	1	10
39	0	1	11
40	30	1	12
41	43	1	13
42	56	1	14
43	13	1	15
45	0	1	17
46	52	1	18
48	22	1	20
49	35	1	21
50	48	1	22
51	0	1	23
52	18	1	24
53	31	1	25
54	56	3	4
55	13	3	5
56	26	3	6
57	39	3	7
58	52	3	8
59	0	3	9
61	35	3	11
62	48	3	12
63	5	3	13
64	18	3	14
65	0	3	15
67	57	3	17
68	14	3	18
70	40	3	20
71	0	3	21
72	10	3	22
73	23	3	23
74	36	3	24
75	49	3	25
60	20	3	10
14	2	2	10
8	10	2	4
66	54	3	16
20	20	2	16
44	36	1	16
32	37	1	4
30	11	1	2
31	20	1	3
4	5	1	1
33	10	1	5
76	54	4	1
77	0	4	2
78	24	4	3
79	37	4	4
80	50	4	5
81	7	4	6
82	20	4	7
83	0	4	8
84	46	4	9
85	59	4	10
86	16	4	11
87	29	4	12
88	42	4	13
89	0	4	14
90	12	4	15
91	25	4	16
92	38	4	17
93	51	4	18
94	8	4	19
95	0	4	20
96	34	4	21
97	47	4	22
98	60	4	23
69	20	3	19
47	16	1	19
\.


--
-- Data for Name: product_exchanges; Type: TABLE DATA; Schema: public; Owner: -
--

COPY public.product_exchanges (id, amount_difference, created_at, note, paid_amount, quantity, branch_id, new_product_id, sale_item_id) FROM stdin;
\.


--
-- Data for Name: product_returns; Type: TABLE DATA; Schema: public; Owner: -
--

COPY public.product_returns (id, created_at, quantity, reason, branch_id, sale_item_id) FROM stdin;
\.


--
-- Data for Name: products; Type: TABLE DATA; Schema: public; Owner: -
--

COPY public.products (id, category, description, name, price, category_id) FROM stdin;
1	\N	Caja de 100 puntillas	Puntilla 1	12000	1
2	\N	Caja de 50 tornillos	Tornillo madera 1.5	20000	1
3	\N	Martillo Metalico	Martillo	17000	2
4	\N	Galon Pintura blanca marca pintuco	Galon Pintura Blanca	80000	3
5	\N	Martillo de acero con mango antideslizante	Martillo de una pieza 16oz	42000	4
6	\N	Planos y estrella en varios tamanos	Juego destornilladores x6	38000	4
7	\N	Apertura ajustable para tuercas	Llave inglesa 10 pulgadas	36000	4
8	\N	650W con velocidad variable	Taladro percutor 1/2	289000	5
9	\N	Pulidora de 900W para corte y desbaste	Pulidora angular 4 1/2	245000	5
10	\N	Sierra electrica para madera y metal delgado	Sierra caladora	198000	5
11	\N	Cobertura interior, acabado mate	Pintura vinilo blanco 1 galon	56000	6
12	\N	Proteccion para metal y madera	Esmalte sintetico negro 1/4	18000	6
13	\N	Aplicacion uniforme para muros	Rodillo felpa 9 pulgadas	14500	6
14	\N	Tornillo para lamina y perfileria	Caja tornillo drywall 6x1 x100	22000	7
15	\N	Sellado de conexiones roscadas	Cinta teflon 1/2	2500	7
16	\N	Sellante transparente para juntas	Silicona multiuso 280ml	16500	7
17	\N	Proteccion para trabajo pesado	Guante nitrilo reforzado	12000	8
18	\N	Lente anti impacto	Gafas de seguridad claras	9000	8
19	\N	Suspension de 4 puntos	Casco de seguridad tipo I	28000	8
20	\N	Conduccion de agua a presion	Tubo PVC presion 1/2 x 3m	24000	9
21	\N	Accesorio para giro de tuberia	Codo PVC 1/2	1200	9
22	\N	Valvula de paso para punto sanitario	Llave terminal lavamanos	18500	9
23	\N	Uso general para obra	Cemento gris bolsa 50kg	36000	10
24	\N	Arena seleccionada para mezcla	Arena de pega bulto	9000	10
25	\N	Bloque de arcilla para muros	Ladrillo estructural unidad	1200	10
\.


--
-- Data for Name: sale_items; Type: TABLE DATA; Schema: public; Owner: -
--

COPY public.sale_items (id, quantity, subtotal, unit_price, product_id, sale_id) FROM stdin;
2	8	304000	38000	6	2
3	3	168000	56000	11	2
4	5	280000	56000	11	3
5	7	140000	20000	2	3
6	5	990000	198000	10	4
7	8	20000	2500	15	5
8	4	72000	18000	12	6
9	8	20000	2500	15	7
10	2	160000	80000	4	8
11	1	289000	289000	8	8
12	5	990000	198000	10	9
13	3	66000	22000	14	9
14	4	4800	1200	25	10
15	8	148000	18500	22	10
16	3	27000	9000	24	10
17	7	154000	22000	14	11
18	8	288000	36000	7	11
19	2	18000	9000	24	11
20	8	224000	28000	19	11
21	1	18000	18000	12	12
22	4	980000	245000	9	12
23	4	224000	56000	11	12
24	4	36000	9000	24	12
25	2	56000	28000	19	13
26	7	8400	1200	21	14
27	7	1386000	198000	10	14
28	2	48000	24000	20	14
29	7	84000	12000	1	15
30	7	196000	28000	19	16
31	4	58000	14500	13	16
32	5	110000	22000	14	17
33	1	245000	245000	9	17
34	7	8400	1200	25	18
35	3	126000	42000	5	18
36	1	9000	9000	18	18
37	6	216000	36000	7	18
38	8	640000	80000	4	19
39	4	168000	42000	5	20
40	4	48000	12000	1	20
41	4	88000	22000	14	20
42	7	84000	12000	17	20
43	7	101500	14500	13	21
44	3	84000	28000	19	21
45	2	37000	18500	22	21
46	5	82500	16500	16	22
47	8	2312000	289000	8	23
48	2	18000	9000	18	23
49	7	392000	56000	11	23
50	3	114000	38000	6	23
51	8	136000	17000	3	24
52	5	60000	12000	17	24
53	7	266000	38000	6	25
54	1	1200	1200	21	25
55	6	1470000	245000	9	25
56	7	126000	18000	12	25
57	2	578000	289000	8	26
58	5	100000	20000	2	26
59	2	56000	28000	19	26
60	6	228000	38000	6	26
61	5	100000	20000	2	27
62	1	18500	18500	22	28
63	8	1584000	198000	10	28
64	6	1470000	245000	9	28
65	3	108000	36000	23	29
66	7	168000	24000	20	29
67	8	640000	80000	4	29
68	7	154000	22000	14	29
69	3	108000	36000	7	30
70	1	56000	56000	11	31
71	4	152000	38000	6	32
72	6	216000	36000	23	33
73	7	168000	24000	20	34
74	5	280000	56000	11	34
75	1	20000	20000	2	34
76	6	120000	20000	2	35
77	4	48000	12000	1	35
78	8	176000	22000	14	36
79	7	2023000	289000	8	36
80	2	34000	17000	3	36
81	3	49500	16500	16	37
82	3	36000	12000	17	38
83	7	560000	80000	4	39
84	3	60000	20000	2	39
85	8	144000	18000	12	39
86	4	58000	14500	13	40
87	7	392000	56000	11	40
88	8	72000	9000	24	40
89	7	1386000	198000	10	40
90	2	112000	56000	11	41
91	6	54000	9000	24	42
92	5	1225000	245000	9	42
93	6	144000	24000	20	43
94	7	196000	28000	19	44
95	1	38000	38000	6	45
96	5	100000	20000	2	45
97	8	336000	42000	5	45
98	5	45000	9000	18	45
99	1	2500	2500	15	46
100	5	1225000	245000	9	46
101	4	224000	56000	11	46
102	3	36000	12000	1	47
103	3	7500	2500	15	48
104	6	7200	1200	21	48
105	6	7200	1200	25	49
106	4	48000	12000	1	50
107	7	17500	2500	15	50
108	1	289000	289000	8	50
109	7	252000	36000	7	50
110	1	56000	56000	11	51
111	1	289000	289000	8	51
112	1	198000	198000	10	51
113	7	84000	12000	1	51
114	1	20000	20000	2	52
115	5	45000	9000	18	53
116	2	48000	24000	20	54
117	1	12000	12000	1	54
118	1	17000	17000	3	55
119	1	1200	1200	21	55
120	7	1386000	198000	10	56
121	2	44000	22000	14	56
122	5	280000	56000	11	56
123	8	116000	14500	13	57
124	1	36000	36000	7	57
125	2	40000	20000	2	57
126	3	36000	12000	17	57
127	8	448000	56000	11	58
128	4	48000	12000	1	58
129	3	108000	36000	23	59
130	3	36000	12000	17	59
131	2	18000	9000	18	59
132	3	49500	16500	16	60
133	3	60000	20000	2	60
134	7	392000	56000	11	60
135	8	116000	14500	13	60
136	7	154000	22000	14	61
137	6	1470000	245000	9	61
138	3	27000	9000	18	61
139	8	1584000	198000	10	61
140	1	18500	18500	22	62
141	7	1715000	245000	9	63
142	4	152000	38000	6	63
143	4	4800	1200	21	63
144	7	140000	20000	2	63
145	1	24000	24000	20	64
146	5	180000	36000	23	64
147	7	1715000	245000	9	64
148	6	72000	12000	17	65
149	8	176000	22000	14	65
150	2	2400	1200	25	65
151	3	27000	9000	24	65
152	5	110000	22000	14	66
153	1	245000	245000	9	67
154	4	792000	198000	10	67
155	5	1445000	289000	8	67
156	5	190000	38000	6	67
157	4	96000	24000	20	68
158	1	36000	36000	7	68
159	8	224000	28000	19	69
160	8	176000	22000	14	69
161	8	72000	9000	18	70
162	3	43500	14500	13	70
163	2	44000	22000	14	70
164	4	4800	1200	21	71
165	1	36000	36000	23	71
166	1	18500	18500	22	72
167	4	66000	16500	16	73
168	3	126000	42000	5	73
169	8	640000	80000	4	74
170	8	20000	2500	15	74
171	2	40000	20000	2	74
172	4	144000	36000	7	75
173	2	33000	16500	16	76
174	3	51000	17000	3	77
175	6	108000	18000	12	77
176	6	144000	24000	20	77
177	5	12500	2500	15	78
178	6	120000	20000	2	78
179	8	9600	1200	25	78
180	2	48000	24000	20	78
181	1	289000	289000	8	79
182	7	140000	20000	2	80
183	3	36000	12000	17	81
184	8	144000	18000	12	82
185	5	210000	42000	5	83
186	7	266000	38000	6	83
187	7	63000	9000	24	83
188	5	1445000	289000	8	83
189	5	60000	12000	17	84
190	3	108000	36000	23	84
191	3	43500	14500	13	84
192	4	320000	80000	4	85
193	7	63000	9000	24	86
194	4	144000	36000	7	86
195	6	144000	24000	20	87
196	6	7200	1200	25	88
197	3	735000	245000	9	88
198	2	396000	198000	10	88
199	3	3600	1200	25	89
200	7	101500	14500	13	89
201	8	2312000	289000	8	89
202	1	9000	9000	24	90
203	3	51000	17000	3	90
204	1	20000	20000	2	91
205	3	240000	80000	4	91
206	5	110000	22000	14	92
207	3	867000	289000	8	92
208	3	3600	1200	21	93
209	2	72000	36000	7	93
210	6	228000	38000	6	94
211	4	112000	28000	19	94
212	1	1200	1200	21	95
213	6	216000	36000	7	95
214	7	1386000	198000	10	95
215	8	304000	38000	6	95
216	1	22000	22000	14	96
217	3	735000	245000	9	96
218	5	60000	12000	17	97
219	3	7500	2500	15	97
220	4	48000	12000	1	97
221	7	196000	28000	19	97
222	7	84000	12000	1	98
223	6	72000	12000	1	99
224	2	76000	38000	6	99
225	3	3600	1200	25	99
226	4	224000	56000	11	100
227	3	240000	80000	4	101
228	4	48000	12000	1	101
229	1	1200	1200	25	101
230	8	192000	24000	20	102
231	7	154000	22000	14	102
232	3	867000	289000	8	103
233	2	5000	2500	15	103
234	1	20000	20000	2	103
235	1	18000	18000	12	103
236	3	126000	42000	5	104
237	5	12500	2500	15	105
238	8	448000	56000	11	105
239	8	72000	9000	18	106
240	8	144000	18000	12	106
241	8	304000	38000	6	106
242	7	101500	14500	13	107
243	4	68000	17000	3	107
244	5	110000	22000	14	107
245	8	148000	18500	22	108
246	6	144000	24000	20	108
247	2	18000	9000	24	109
248	7	266000	38000	6	109
249	7	252000	36000	7	109
250	5	6000	1200	21	109
251	1	18000	18000	12	110
252	4	72000	18000	12	111
253	8	136000	17000	3	112
254	1	12000	12000	17	112
255	2	37000	18500	22	112
256	7	84000	12000	1	112
257	4	1156000	289000	8	113
258	3	72000	24000	20	114
259	8	9600	1200	25	114
260	6	7200	1200	21	115
261	5	110000	22000	14	115
262	1	14500	14500	13	115
263	2	29000	14500	13	116
264	6	72000	12000	1	116
265	1	1200	1200	25	116
266	8	448000	56000	11	116
267	2	29000	14500	13	117
268	6	216000	36000	23	117
269	5	82500	16500	16	118
270	2	396000	198000	10	119
271	1	17000	17000	3	120
272	8	72000	9000	24	120
273	7	1386000	198000	10	120
274	6	336000	56000	11	121
275	4	96000	24000	20	121
276	6	216000	36000	23	122
277	4	72000	18000	12	122
278	2	2400	1200	25	122
279	5	1225000	245000	9	122
280	6	99000	16500	16	123
281	7	196000	28000	19	123
282	6	1188000	198000	10	124
283	7	17500	2500	15	124
284	4	66000	16500	16	124
285	7	8400	1200	25	125
286	4	72000	18000	12	125
287	5	180000	36000	23	125
288	6	252000	42000	5	126
289	2	2400	1200	25	126
290	7	126000	18000	12	127
291	5	180000	36000	7	127
292	6	7200	1200	21	127
293	7	266000	38000	6	127
294	8	136000	17000	3	128
295	6	72000	12000	1	129
296	8	288000	36000	23	129
297	2	160000	80000	4	129
298	8	448000	56000	11	130
299	6	111000	18500	22	130
300	6	252000	42000	5	131
301	6	216000	36000	7	131
302	7	196000	28000	19	131
303	5	1445000	289000	8	131
304	2	18000	9000	18	132
305	5	90000	18000	12	132
306	6	144000	24000	20	133
307	7	17500	2500	15	134
308	6	1734000	289000	8	134
309	8	288000	36000	7	134
310	1	36000	36000	23	134
311	2	48000	24000	20	135
312	5	280000	56000	11	135
313	3	60000	20000	2	135
314	5	12500	2500	15	136
315	3	72000	24000	20	136
316	1	80000	80000	4	136
317	8	160000	20000	2	137
318	3	594000	198000	10	138
319	4	72000	18000	12	139
320	5	60000	12000	17	139
321	6	1470000	245000	9	139
322	3	27000	9000	18	139
323	7	266000	38000	6	140
324	6	102000	17000	3	140
325	5	90000	18000	12	140
326	7	392000	56000	11	140
327	7	168000	24000	20	141
328	8	640000	80000	4	142
329	7	266000	38000	6	142
330	3	84000	28000	19	143
331	6	7200	1200	25	143
332	7	168000	24000	20	144
333	6	111000	18500	22	144
334	2	24000	12000	17	144
335	6	54000	9000	24	144
336	7	119000	17000	3	145
337	2	84000	42000	5	145
338	5	12500	2500	15	145
339	2	24000	12000	17	146
340	8	288000	36000	7	147
341	3	43500	14500	13	147
342	6	228000	38000	6	147
343	4	68000	17000	3	148
344	6	144000	24000	20	148
345	1	22000	22000	14	149
346	1	80000	80000	4	149
347	1	36000	36000	7	149
348	1	1200	1200	21	150
349	3	7500	2500	15	151
350	7	252000	36000	7	151
351	1	22000	22000	14	151
352	7	101500	14500	13	152
353	1	24000	24000	20	153
354	4	48000	12000	1	153
355	4	112000	28000	19	153
356	5	100000	20000	2	154
357	8	1960000	245000	9	155
358	7	1386000	198000	10	156
359	3	27000	9000	18	156
360	7	140000	20000	2	157
361	7	17500	2500	15	157
362	2	2400	1200	25	157
363	7	1715000	245000	9	157
364	7	168000	24000	20	158
365	4	4800	1200	21	158
366	8	9600	1200	25	158
367	6	72000	12000	1	159
368	2	24000	12000	17	160
369	8	148000	18500	22	160
370	3	54000	18000	12	160
371	1	2500	2500	15	160
372	3	27000	9000	18	161
373	4	58000	14500	13	162
374	5	45000	9000	18	163
375	6	108000	18000	12	163
376	2	56000	28000	19	163
377	1	38000	38000	6	163
378	8	144000	18000	12	164
379	7	1386000	198000	10	164
380	4	66000	16500	16	164
381	6	168000	28000	19	164
382	8	288000	36000	7	165
383	1	24000	24000	20	165
384	5	180000	36000	23	166
385	6	252000	42000	5	166
386	1	38000	38000	6	166
387	4	144000	36000	7	166
388	5	190000	38000	6	167
389	3	126000	42000	5	167
390	7	126000	18000	12	168
391	5	280000	56000	11	168
392	1	20000	20000	2	168
393	1	9000	9000	24	169
394	7	154000	22000	14	169
395	5	280000	56000	11	169
396	7	119000	17000	3	170
397	4	4800	1200	21	171
398	1	17000	17000	3	171
399	2	29000	14500	13	171
400	1	16500	16500	16	171
401	7	63000	9000	18	172
402	1	22000	22000	14	172
403	6	72000	12000	17	172
404	3	114000	38000	6	173
405	4	224000	56000	11	173
406	1	20000	20000	2	174
407	7	294000	42000	5	175
408	2	112000	56000	11	175
409	7	115500	16500	16	176
410	7	17500	2500	15	176
411	7	84000	12000	1	177
412	1	17000	17000	3	177
413	7	126000	18000	12	177
414	1	42000	42000	5	177
415	3	108000	36000	7	178
416	3	27000	9000	24	178
417	8	144000	18000	12	178
418	6	216000	36000	23	179
419	8	336000	42000	5	179
420	7	154000	22000	14	179
421	7	392000	56000	11	180
422	4	68000	17000	3	180
423	1	9000	9000	18	181
424	7	2023000	289000	8	181
425	2	24000	12000	17	182
426	7	560000	80000	4	183
427	8	72000	9000	24	184
428	8	132000	16500	16	184
429	2	24000	12000	17	185
430	6	120000	20000	2	185
431	5	85000	17000	3	185
432	7	1386000	198000	10	186
433	4	144000	36000	7	186
434	8	224000	28000	19	186
435	5	400000	80000	4	186
436	3	84000	28000	19	187
437	4	96000	24000	20	187
438	4	88000	22000	14	188
439	8	96000	12000	1	188
440	4	980000	245000	9	189
441	3	27000	9000	18	189
442	6	87000	14500	13	190
443	1	12000	12000	1	191
444	5	6000	1200	25	191
445	8	72000	9000	18	191
446	3	36000	12000	17	191
447	5	45000	9000	18	192
448	3	108000	36000	23	192
449	4	36000	9000	24	192
450	5	60000	12000	1	193
451	7	1715000	245000	9	193
452	8	148000	18500	22	193
453	6	102000	17000	3	193
454	2	29000	14500	13	194
455	1	20000	20000	2	194
456	5	210000	42000	5	194
457	7	8400	1200	25	195
458	4	88000	22000	14	196
459	7	63000	9000	24	196
460	5	6000	1200	21	196
461	3	735000	245000	9	196
462	3	735000	245000	9	197
463	2	578000	289000	8	197
464	3	108000	36000	7	197
465	8	20000	2500	15	197
466	1	1200	1200	21	198
467	6	72000	12000	1	198
468	2	37000	18500	22	199
469	6	72000	12000	1	199
470	8	9600	1200	21	199
471	2	36000	18000	12	200
472	4	48000	12000	17	200
473	1	17000	17000	3	200
474	5	990000	198000	10	201
475	6	7200	1200	25	202
476	5	140000	28000	19	202
477	3	7500	2500	15	202
478	5	72500	14500	13	203
479	4	48000	12000	17	203
480	4	68000	17000	3	204
481	8	1584000	198000	10	204
482	5	72500	14500	13	204
483	2	396000	198000	10	205
484	1	9000	9000	18	205
485	5	210000	42000	5	206
486	2	72000	36000	23	207
487	8	1960000	245000	9	207
488	7	196000	28000	19	207
489	7	560000	80000	4	207
490	5	1225000	245000	9	208
491	5	120000	24000	20	208
492	3	54000	18000	12	208
493	6	54000	9000	18	208
494	7	8400	1200	21	209
495	5	72500	14500	13	209
496	6	7200	1200	25	209
497	8	1584000	198000	10	210
498	2	24000	12000	1	210
499	4	36000	9000	18	211
500	6	7200	1200	25	211
501	4	66000	16500	16	211
502	1	198000	198000	10	212
503	8	192000	24000	20	212
504	5	110000	22000	14	212
505	7	266000	38000	6	212
506	8	9600	1200	25	213
507	8	160000	20000	2	213
508	7	196000	28000	19	213
509	4	66000	16500	16	213
510	8	640000	80000	4	214
511	7	252000	36000	7	214
512	2	76000	38000	6	215
513	3	108000	36000	7	216
514	3	7500	2500	15	216
515	7	154000	22000	14	217
516	6	72000	12000	1	217
517	6	102000	17000	3	217
518	5	90000	18000	12	217
519	2	76000	38000	6	218
520	3	867000	289000	8	219
521	5	60000	12000	17	219
522	4	144000	36000	7	219
523	5	120000	24000	20	220
524	2	24000	12000	1	220
525	2	2400	1200	25	220
526	4	112000	28000	19	221
527	5	280000	56000	11	221
528	7	196000	28000	19	222
529	7	119000	17000	3	223
530	3	54000	18000	12	223
531	8	72000	9000	24	224
532	4	74000	18500	22	224
533	2	5000	2500	15	224
534	1	20000	20000	2	224
535	8	144000	18000	12	225
536	7	252000	36000	23	226
537	6	54000	9000	18	226
538	7	168000	24000	20	226
539	8	2312000	289000	8	227
540	8	20000	2500	15	228
541	6	111000	18500	22	228
542	6	1470000	245000	9	228
543	1	22000	22000	14	229
544	3	168000	56000	11	229
545	1	9000	9000	24	229
546	8	144000	18000	12	229
547	2	84000	42000	5	230
548	5	1445000	289000	8	230
549	8	640000	80000	4	230
550	7	115500	16500	16	230
551	6	7200	1200	21	231
552	2	72000	36000	7	232
553	6	7200	1200	21	233
554	2	2400	1200	25	233
555	6	120000	20000	2	233
556	1	56000	56000	11	233
557	7	140000	20000	2	234
558	2	2400	1200	21	234
559	3	867000	289000	8	234
560	1	12000	12000	1	234
561	6	54000	9000	18	235
562	1	1200	1200	25	235
563	8	136000	17000	3	235
564	7	154000	22000	14	236
565	4	36000	9000	18	237
566	8	160000	20000	2	237
567	5	140000	28000	19	237
568	1	36000	36000	7	238
569	7	294000	42000	5	239
570	2	72000	36000	7	239
571	6	7200	1200	25	240
572	8	192000	24000	20	241
573	1	289000	289000	8	241
574	5	60000	12000	17	241
575	3	51000	17000	3	241
576	2	84000	42000	5	242
577	3	3600	1200	21	242
578	7	140000	20000	2	243
579	2	112000	56000	11	244
580	3	36000	12000	1	244
581	3	51000	17000	3	244
582	3	3600	1200	25	245
583	4	68000	17000	3	245
584	6	168000	28000	19	245
585	7	129500	18500	22	246
586	3	84000	28000	19	247
587	1	38000	38000	6	247
588	3	43500	14500	13	248
589	8	160000	20000	2	248
590	5	400000	80000	4	248
591	2	44000	22000	14	249
592	4	980000	245000	9	249
593	1	36000	36000	7	249
594	8	144000	18000	12	249
595	1	17000	17000	3	250
596	1	9000	9000	24	250
597	8	144000	18000	12	250
598	4	66000	16500	16	251
599	2	24000	12000	1	251
600	4	96000	24000	20	251
601	7	129500	18500	22	251
602	1	12000	12000	1	252
603	3	3600	1200	25	252
604	5	1445000	289000	8	252
605	3	108000	36000	7	253
606	3	114000	38000	6	253
607	4	1156000	289000	8	253
608	5	45000	9000	24	253
609	3	3600	1200	25	254
610	8	288000	36000	7	254
611	5	72500	14500	13	254
612	7	1715000	245000	9	254
613	5	100000	20000	2	255
614	1	18500	18500	22	255
615	4	144000	36000	23	255
616	5	45000	9000	24	255
617	7	1386000	198000	10	256
618	3	108000	36000	7	257
619	7	266000	38000	6	258
620	2	490000	245000	9	258
621	5	72500	14500	13	258
622	5	180000	36000	23	259
623	1	38000	38000	6	259
624	2	84000	42000	5	259
625	8	1960000	245000	9	259
626	8	136000	17000	3	260
627	1	22000	22000	14	260
628	5	400000	80000	4	261
629	3	108000	36000	7	262
630	4	68000	17000	3	263
631	8	96000	12000	1	263
632	2	18000	9000	24	263
633	6	168000	28000	19	264
634	1	9000	9000	18	264
635	6	216000	36000	7	264
636	8	304000	38000	6	265
637	6	336000	56000	11	265
638	4	10000	2500	15	265
639	2	34000	17000	3	265
640	8	20000	2500	15	266
641	8	304000	38000	6	266
642	4	58000	14500	13	267
643	2	396000	198000	10	267
644	8	176000	22000	14	267
645	5	120000	24000	20	268
646	2	112000	56000	11	268
647	4	152000	38000	6	268
648	8	176000	22000	14	268
649	4	4800	1200	21	269
650	4	168000	42000	5	269
651	3	867000	289000	8	269
652	2	72000	36000	7	269
653	7	252000	36000	23	270
654	4	4800	1200	21	270
655	3	84000	28000	19	271
656	3	594000	198000	10	271
657	3	36000	12000	17	271
658	8	72000	9000	18	272
659	3	126000	42000	5	273
660	3	7500	2500	15	273
661	7	63000	9000	24	273
662	1	16500	16500	16	274
663	2	396000	198000	10	275
664	6	7200	1200	25	275
665	5	180000	36000	7	275
666	1	1200	1200	25	276
667	4	74000	18500	22	276
668	7	140000	20000	2	276
669	6	168000	28000	19	277
670	3	240000	80000	4	277
671	7	119000	17000	3	278
672	6	1188000	198000	10	278
673	2	72000	36000	23	278
674	5	140000	28000	19	278
675	8	304000	38000	6	279
676	6	7200	1200	21	279
677	4	4800	1200	25	279
678	4	320000	80000	4	280
679	5	1445000	289000	8	280
680	2	5000	2500	15	280
681	5	190000	38000	6	280
682	4	74000	18500	22	281
683	5	60000	12000	17	281
684	4	80000	20000	2	281
685	3	49500	16500	16	282
686	3	108000	36000	23	282
687	2	72000	36000	23	283
688	6	54000	9000	24	283
689	1	17000	17000	3	283
690	2	37000	18500	22	283
691	6	120000	20000	2	284
692	5	140000	28000	19	284
693	2	18000	9000	24	284
694	5	82500	16500	16	284
695	6	54000	9000	24	285
696	3	108000	36000	23	285
697	2	29000	14500	13	286
698	5	45000	9000	24	286
699	6	111000	18500	22	286
700	8	160000	20000	2	287
701	4	68000	17000	3	287
702	3	55500	18500	22	287
703	7	63000	9000	24	288
704	2	2400	1200	21	289
705	4	320000	80000	4	290
706	8	1584000	198000	10	290
707	5	100000	20000	2	291
708	2	36000	18000	12	291
709	3	108000	36000	7	292
710	6	7200	1200	21	292
711	4	96000	24000	20	292
712	1	198000	198000	10	293
713	4	36000	9000	18	293
714	8	72000	9000	24	293
715	3	54000	18000	12	294
716	2	5000	2500	15	294
717	1	9000	9000	24	294
718	3	55500	18500	22	295
719	8	20000	2500	15	295
720	8	144000	18000	12	295
721	8	336000	42000	5	295
722	1	80000	80000	4	296
723	2	72000	36000	7	296
724	1	17000	17000	3	296
725	1	12000	12000	17	296
726	1	14500	14500	13	297
727	7	560000	80000	4	297
728	2	5000	2500	15	297
729	1	1200	1200	21	297
730	6	111000	18500	22	298
731	7	115500	16500	16	298
732	8	176000	22000	14	298
733	2	18000	9000	24	298
734	3	867000	289000	8	299
735	8	72000	9000	18	299
736	8	640000	80000	4	299
737	5	210000	42000	5	299
738	1	42000	42000	5	300
739	3	114000	38000	6	300
740	7	2023000	289000	8	300
741	3	51000	17000	3	301
742	8	1960000	245000	9	301
743	1	22000	22000	14	301
744	7	101500	14500	13	301
745	2	56000	28000	19	302
746	6	120000	20000	2	303
747	3	72000	24000	20	303
748	5	140000	28000	19	303
749	2	44000	22000	14	303
750	2	24000	12000	1	304
751	8	448000	56000	11	304
752	5	1225000	245000	9	304
753	5	190000	38000	6	305
754	6	7200	1200	25	305
755	2	5000	2500	15	306
756	3	735000	245000	9	307
757	7	84000	12000	17	307
758	5	90000	18000	12	308
759	5	6000	1200	21	308
760	1	289000	289000	8	308
761	8	116000	14500	13	308
762	8	144000	18000	12	309
763	8	96000	12000	1	310
764	3	66000	22000	14	310
765	3	735000	245000	9	310
766	4	48000	12000	17	310
767	7	196000	28000	19	311
768	8	288000	36000	7	312
769	2	76000	38000	6	313
770	6	216000	36000	7	313
771	6	72000	12000	17	314
772	4	144000	36000	7	314
773	8	160000	20000	2	314
774	3	240000	80000	4	315
775	4	96000	24000	20	316
776	4	36000	9000	18	316
777	5	180000	36000	23	316
778	1	18000	18000	12	317
779	6	54000	9000	18	317
780	7	17500	2500	15	318
781	6	336000	56000	11	319
782	1	20000	20000	2	319
783	2	37000	18500	22	319
784	6	336000	56000	11	320
785	3	7500	2500	15	320
786	7	101500	14500	13	320
787	8	288000	36000	23	320
788	1	18500	18500	22	321
789	1	12000	12000	1	321
790	1	14500	14500	13	321
791	4	112000	28000	19	321
792	8	336000	42000	5	322
793	5	190000	38000	6	322
794	8	72000	9000	24	323
795	2	24000	12000	1	323
796	8	304000	38000	6	324
797	3	84000	28000	19	324
798	7	129500	18500	22	324
799	6	111000	18500	22	325
800	6	7200	1200	21	325
801	5	140000	28000	19	325
802	2	37000	18500	22	326
803	8	2312000	289000	8	326
804	7	126000	18000	12	327
805	3	60000	20000	2	327
806	7	119000	17000	3	328
807	7	84000	12000	17	328
808	3	735000	245000	9	329
809	7	84000	12000	17	330
810	2	56000	28000	19	330
811	8	148000	18500	22	330
812	3	72000	24000	20	330
813	1	20000	20000	2	331
814	1	80000	80000	4	332
815	1	20000	20000	2	335
816	5	85000	17000	3	336
817	4	48000	12000	1	338
\.


--
-- Data for Name: sales; Type: TABLE DATA; Schema: public; Owner: -
--

COPY public.sales (id, created_at, total_amount, branch_id, sold_by_id) FROM stdin;
332	2026-03-18 14:20:09.229628	80000	1	4
335	2026-03-18 19:07:38.985353	20000	1	4
336	2026-03-18 19:15:24.215154	85000	1	4
338	2026-03-18 19:24:22.094445	48000	1	4
2	2025-08-08 10:00:00	472000	2	5
3	2025-08-11 14:02:00	420000	2	5
4	2025-08-24 19:20:00	990000	2	5
5	2025-08-26 11:51:00	20000	2	5
6	2025-08-27 09:20:00	72000	2	5
7	2025-08-29 11:49:00	20000	2	5
8	2025-08-15 17:47:00	449000	2	5
9	2025-08-10 17:51:00	1056000	2	5
10	2025-09-07 17:35:00	179800	2	5
11	2025-09-29 09:15:00	684000	2	5
12	2025-09-09 17:03:00	1258000	2	5
13	2025-09-15 16:50:00	56000	2	5
14	2025-09-26 18:17:00	1442400	2	5
15	2025-09-05 10:04:00	84000	2	5
16	2025-09-11 17:48:00	254000	2	5
17	2025-09-05 20:15:00	355000	2	5
18	2025-09-17 16:01:00	359400	2	5
19	2025-10-08 15:29:00	640000	2	5
20	2025-10-21 10:11:00	388000	2	5
21	2025-10-13 20:25:00	222500	2	5
22	2025-10-23 12:04:00	82500	2	5
23	2025-10-23 18:56:00	2836000	2	5
24	2025-10-15 16:33:00	196000	2	5
25	2025-10-22 13:26:00	1863200	2	5
26	2025-10-14 10:02:00	962000	2	5
27	2025-11-09 18:26:00	100000	2	5
28	2025-11-30 20:23:00	3072500	2	5
29	2025-11-22 14:50:00	1070000	2	5
30	2025-11-30 13:38:00	108000	2	5
31	2025-11-13 11:09:00	56000	2	5
32	2025-11-24 10:09:00	152000	2	5
33	2025-11-28 12:48:00	216000	2	5
34	2025-11-09 12:44:00	468000	2	5
35	2025-11-29 16:24:00	168000	2	5
36	2025-11-26 10:03:00	2233000	2	5
37	2025-11-08 20:31:00	49500	2	5
38	2025-11-23 17:54:00	36000	2	5
39	2025-11-19 17:15:00	764000	2	5
40	2025-11-26 08:19:00	1908000	2	5
41	2025-11-30 11:31:00	112000	2	5
42	2025-11-26 20:46:00	1279000	2	5
43	2025-11-26 18:40:00	144000	2	5
44	2025-11-27 20:22:00	196000	2	5
45	2025-11-01 08:38:00	519000	2	5
46	2025-12-06 15:12:00	1451500	2	5
47	2025-12-09 15:12:00	36000	2	5
48	2025-12-15 19:35:00	14700	2	5
49	2025-12-29 08:07:00	7200	2	5
50	2025-12-07 09:12:00	606500	2	5
51	2025-12-01 19:38:00	627000	2	5
52	2025-12-16 17:32:00	20000	2	5
53	2025-12-28 10:04:00	45000	2	5
54	2025-12-17 16:31:00	60000	2	5
55	2025-12-06 12:27:00	18200	2	5
56	2025-12-13 17:23:00	1710000	2	5
57	2025-12-09 18:58:00	228000	2	5
58	2025-12-26 09:21:00	496000	2	5
59	2025-12-02 20:35:00	162000	2	5
60	2025-12-11 19:59:00	617500	2	5
61	2025-12-01 16:47:00	3235000	2	5
62	2025-12-03 10:45:00	18500	2	5
63	2025-12-03 19:30:00	2011800	2	5
64	2025-12-16 18:32:00	1919000	2	5
65	2026-01-12 14:38:00	277400	2	5
66	2026-01-05 08:22:00	110000	2	5
67	2026-01-14 16:58:00	2672000	2	5
68	2026-01-21 10:34:00	132000	2	5
69	2026-01-13 08:44:00	400000	2	5
70	2026-01-26 11:11:00	159500	2	5
71	2026-01-11 20:33:00	40800	2	5
72	2026-01-06 16:07:00	18500	2	5
73	2026-01-18 13:50:00	192000	2	5
74	2026-01-28 11:27:00	700000	2	5
75	2026-01-10 15:13:00	144000	2	5
76	2026-02-03 19:21:00	33000	2	5
77	2026-02-12 09:22:00	303000	2	5
78	2026-02-15 10:03:00	190100	2	5
79	2026-02-10 19:10:00	289000	2	5
80	2026-02-09 19:29:00	140000	2	5
81	2026-02-24 09:58:00	36000	2	5
82	2026-02-14 14:02:00	144000	2	5
83	2026-02-22 16:01:00	1984000	2	5
84	2026-02-07 16:49:00	211500	2	5
85	2026-02-04 16:06:00	320000	2	5
86	2026-02-24 15:16:00	207000	2	5
87	2026-02-18 18:59:00	144000	2	5
88	2026-03-12 19:06:00	1138200	2	5
89	2026-03-20 19:10:00	2417100	2	5
90	2026-03-06 19:50:00	60000	2	5
91	2026-03-03 17:24:00	260000	2	5
92	2026-03-24 15:16:00	977000	2	5
93	2026-03-17 08:34:00	75600	2	5
94	2026-03-17 12:42:00	340000	2	5
95	2026-03-07 17:05:00	1907200	2	5
96	2026-03-19 19:17:00	757000	2	5
97	2026-03-09 15:27:00	311500	2	5
98	2026-03-28 17:41:00	84000	2	5
99	2026-03-26 12:04:00	151600	2	5
100	2025-08-25 12:35:00	224000	1	4
101	2025-08-24 13:54:00	289200	1	4
102	2025-08-05 16:12:00	346000	1	4
103	2025-08-13 10:16:00	910000	1	4
104	2025-08-10 15:59:00	126000	1	4
105	2025-08-27 20:10:00	460500	1	4
106	2025-08-19 19:24:00	520000	1	4
107	2025-08-23 20:25:00	279500	1	4
108	2025-08-04 10:16:00	292000	1	4
109	2025-08-08 18:50:00	542000	1	4
110	2025-08-16 18:04:00	18000	1	4
111	2025-08-31 16:50:00	72000	1	4
112	2025-08-19 10:11:00	269000	1	4
113	2025-08-07 18:43:00	1156000	1	4
114	2025-08-28 15:25:00	81600	1	4
115	2025-08-20 20:59:00	131700	1	4
116	2025-08-02 11:43:00	550200	1	4
117	2025-08-24 08:45:00	245000	1	4
118	2025-08-22 15:47:00	82500	1	4
119	2025-08-30 17:59:00	396000	1	4
120	2025-09-24 10:21:00	1475000	1	4
121	2025-09-08 18:34:00	432000	1	4
122	2025-09-05 12:21:00	1515400	1	4
123	2025-09-19 09:44:00	295000	1	4
124	2025-09-22 16:33:00	1271500	1	4
125	2025-09-22 10:13:00	260400	1	4
126	2025-09-30 08:28:00	254400	1	4
127	2025-09-16 11:20:00	579200	1	4
128	2025-09-12 12:12:00	136000	1	4
129	2025-09-30 10:52:00	520000	1	4
130	2025-09-08 14:34:00	559000	1	4
131	2025-09-07 08:32:00	2109000	1	4
132	2025-09-04 16:36:00	108000	1	4
133	2025-09-19 12:32:00	144000	1	4
134	2025-09-22 13:10:00	2075500	1	4
135	2025-09-08 12:40:00	388000	1	4
136	2025-09-12 13:31:00	164500	1	4
137	2025-09-02 20:49:00	160000	1	4
138	2025-09-06 14:05:00	594000	1	4
139	2025-10-27 15:55:00	1629000	1	4
140	2025-10-15 14:27:00	850000	1	4
141	2025-10-19 11:48:00	168000	1	4
142	2025-10-06 09:41:00	906000	1	4
143	2025-10-18 14:48:00	91200	1	4
144	2025-10-19 18:00:00	357000	1	4
145	2025-10-20 09:58:00	215500	1	4
146	2025-10-28 19:59:00	24000	1	4
147	2025-11-17 13:49:00	559500	1	4
148	2025-11-20 09:50:00	212000	1	4
149	2025-11-15 14:47:00	138000	1	4
150	2025-11-09 08:44:00	1200	1	4
151	2025-11-11 18:09:00	281500	1	4
152	2025-11-17 18:20:00	101500	1	4
153	2025-11-02 16:29:00	184000	1	4
154	2025-11-10 15:48:00	100000	1	4
155	2025-11-01 11:30:00	1960000	1	4
156	2025-11-11 17:24:00	1413000	1	4
157	2025-11-11 13:45:00	1874900	1	4
158	2025-11-14 14:06:00	182400	1	4
159	2025-11-16 18:43:00	72000	1	4
160	2025-11-17 18:52:00	228500	1	4
161	2025-11-07 10:21:00	27000	1	4
162	2025-11-14 20:32:00	58000	1	4
163	2025-11-21 13:34:00	247000	1	4
164	2025-11-27 14:13:00	1764000	1	4
165	2025-11-20 08:14:00	312000	1	4
166	2025-11-29 12:01:00	614000	1	4
167	2025-12-22 16:46:00	316000	1	4
168	2025-12-17 17:29:00	426000	1	4
169	2025-12-10 20:05:00	443000	1	4
170	2025-12-28 10:18:00	119000	1	4
171	2025-12-11 09:22:00	67300	1	4
172	2025-12-08 10:23:00	157000	1	4
173	2025-12-04 08:28:00	338000	1	4
174	2025-12-15 09:58:00	20000	1	4
175	2025-12-24 17:20:00	406000	1	4
176	2025-12-24 19:40:00	133000	1	4
177	2025-12-26 19:09:00	269000	1	4
178	2025-12-06 18:10:00	279000	1	4
179	2025-12-23 18:50:00	706000	1	4
180	2025-12-05 11:20:00	460000	1	4
181	2025-12-21 10:41:00	2032000	1	4
182	2025-12-16 17:38:00	24000	1	4
183	2025-12-07 14:14:00	560000	1	4
184	2025-12-27 14:49:00	204000	1	4
185	2026-01-31 14:13:00	229000	1	4
186	2026-01-28 18:45:00	2154000	1	4
187	2026-01-06 19:51:00	180000	1	4
188	2026-01-15 09:28:00	184000	1	4
189	2026-01-21 11:11:00	1007000	1	4
190	2026-01-01 13:38:00	87000	1	4
191	2026-01-17 11:50:00	126000	1	4
192	2026-01-07 20:02:00	189000	1	4
193	2026-01-21 17:58:00	2025000	1	4
194	2026-01-21 12:38:00	259000	1	4
195	2026-02-21 12:58:00	8400	1	4
196	2026-02-16 20:23:00	892000	1	4
197	2026-02-11 11:20:00	1441000	1	4
198	2026-02-13 17:31:00	73200	1	4
199	2026-02-07 16:20:00	118600	1	4
200	2026-02-02 14:21:00	101000	1	4
201	2026-02-11 15:37:00	990000	1	4
202	2026-02-10 19:52:00	154700	1	4
203	2026-02-15 10:43:00	120500	1	4
204	2026-02-26 20:33:00	1724500	1	4
205	2026-03-31 19:41:00	405000	1	4
206	2026-03-23 08:22:00	210000	1	4
207	2026-03-16 13:23:00	2788000	1	4
208	2026-03-03 18:46:00	1453000	1	4
209	2026-03-12 13:36:00	88100	1	4
210	2026-03-04 12:56:00	1608000	1	4
211	2026-03-30 17:11:00	109200	1	4
212	2026-03-11 16:13:00	766000	1	4
213	2026-03-08 17:25:00	431600	1	4
214	2026-03-10 18:56:00	892000	1	4
215	2026-03-11 10:19:00	76000	1	4
216	2025-08-18 15:25:00	115500	3	6
217	2025-08-19 14:49:00	418000	3	6
218	2025-08-20 19:18:00	76000	3	6
219	2025-08-29 08:49:00	1071000	3	6
220	2025-08-26 12:08:00	146400	3	6
221	2025-08-28 09:09:00	392000	3	6
222	2025-08-09 08:50:00	196000	3	6
223	2025-08-15 20:04:00	173000	3	6
224	2025-08-26 15:36:00	171000	3	6
225	2025-08-08 20:51:00	144000	3	6
226	2025-08-25 13:54:00	474000	3	6
227	2025-08-11 12:24:00	2312000	3	6
228	2025-08-15 14:41:00	1601000	3	6
229	2025-08-20 17:49:00	343000	3	6
230	2025-08-21 12:58:00	2284500	3	6
231	2025-08-14 19:51:00	7200	3	6
232	2025-08-26 16:49:00	72000	3	6
233	2025-08-11 13:35:00	185600	3	6
234	2025-09-25 13:19:00	1021400	3	6
235	2025-09-18 14:44:00	191200	3	6
236	2025-09-13 09:48:00	154000	3	6
237	2025-09-03 17:00:00	336000	3	6
238	2025-09-22 20:24:00	36000	3	6
239	2025-09-24 10:14:00	366000	3	6
240	2025-09-17 18:53:00	7200	3	6
241	2025-09-06 15:10:00	592000	3	6
242	2025-09-12 16:05:00	87600	3	6
243	2025-09-07 18:06:00	140000	3	6
244	2025-09-01 17:04:00	199000	3	6
245	2025-09-01 16:08:00	239600	3	6
246	2025-09-01 20:59:00	129500	3	6
247	2025-09-23 08:36:00	122000	3	6
248	2025-09-27 15:27:00	603500	3	6
249	2025-09-18 08:28:00	1204000	3	6
250	2025-09-07 09:42:00	170000	3	6
251	2025-10-14 16:16:00	315500	3	6
252	2025-10-13 12:32:00	1460600	3	6
253	2025-10-29 15:50:00	1423000	3	6
254	2025-10-15 16:29:00	2079100	3	6
255	2025-10-19 10:34:00	307500	3	6
256	2025-10-12 13:54:00	1386000	3	6
257	2025-10-11 13:14:00	108000	3	6
258	2025-10-24 19:18:00	828500	3	6
259	2025-10-27 10:56:00	2262000	3	6
260	2025-10-20 15:13:00	158000	3	6
261	2025-10-17 14:01:00	400000	3	6
262	2025-10-11 16:10:00	108000	3	6
263	2025-10-20 20:38:00	182000	3	6
264	2025-10-03 19:13:00	393000	3	6
265	2025-10-16 10:26:00	684000	3	6
266	2025-11-05 13:02:00	324000	3	6
267	2025-11-15 12:48:00	630000	3	6
268	2025-11-12 17:39:00	560000	3	6
269	2025-11-27 10:57:00	1111800	3	6
270	2025-11-03 17:23:00	256800	3	6
271	2025-11-23 12:29:00	714000	3	6
272	2025-11-04 14:34:00	72000	3	6
273	2025-11-16 11:38:00	196500	3	6
274	2025-11-30 19:01:00	16500	3	6
275	2025-11-21 16:18:00	583200	3	6
276	2025-11-30 09:14:00	215200	3	6
277	2025-11-09 18:05:00	408000	3	6
278	2025-11-04 12:57:00	1519000	3	6
279	2025-11-10 12:19:00	316000	3	6
280	2025-11-17 15:20:00	1960000	3	6
281	2025-12-16 08:36:00	214000	3	6
282	2025-12-17 16:58:00	157500	3	6
283	2025-12-12 09:55:00	180000	3	6
284	2025-12-09 10:46:00	360500	3	6
285	2025-12-02 12:08:00	162000	3	6
286	2025-12-29 08:14:00	185000	3	6
287	2025-12-08 11:18:00	283500	3	6
288	2025-12-27 18:08:00	63000	3	6
289	2025-12-18 20:33:00	2400	3	6
290	2025-12-11 13:33:00	1904000	3	6
291	2025-12-06 16:29:00	136000	3	6
292	2025-12-01 09:56:00	211200	3	6
293	2025-12-19 10:32:00	306000	3	6
294	2025-12-31 16:14:00	68000	3	6
295	2025-12-22 13:54:00	555500	3	6
296	2025-12-11 09:32:00	181000	3	6
297	2026-01-22 19:11:00	580700	3	6
298	2026-01-24 14:28:00	420500	3	6
299	2026-01-14 08:28:00	1789000	3	6
300	2026-01-25 19:34:00	2179000	3	6
301	2026-01-11 16:24:00	2134500	3	6
302	2026-01-25 12:29:00	56000	3	6
303	2026-01-30 12:38:00	376000	3	6
304	2026-01-02 15:48:00	1697000	3	6
305	2026-02-01 17:57:00	197200	3	6
306	2026-02-15 15:41:00	5000	3	6
307	2026-02-21 20:39:00	819000	3	6
308	2026-02-15 17:38:00	501000	3	6
309	2026-02-05 19:44:00	144000	3	6
310	2026-02-05 12:47:00	945000	3	6
311	2026-02-23 11:30:00	196000	3	6
312	2026-02-20 13:58:00	288000	3	6
313	2026-03-18 20:54:00	292000	3	6
314	2026-03-02 16:43:00	376000	3	6
315	2026-03-12 18:28:00	240000	3	6
316	2026-03-28 20:29:00	312000	3	6
317	2026-03-19 10:57:00	72000	3	6
318	2026-03-19 10:27:00	17500	3	6
319	2026-03-08 20:51:00	393000	3	6
320	2026-03-31 12:23:00	733000	3	6
321	2026-03-15 12:47:00	157000	3	6
322	2026-03-31 08:04:00	526000	3	6
323	2026-03-26 16:42:00	96000	3	6
324	2026-03-08 16:41:00	517500	3	6
325	2026-03-28 17:09:00	258200	3	6
326	2026-03-14 13:09:00	2349000	3	6
327	2026-03-08 10:14:00	186000	3	6
328	2026-03-10 09:41:00	203000	3	6
329	2026-03-23 16:55:00	735000	3	6
330	2026-03-26 14:49:00	360000	3	6
331	2026-03-16 19:35:00	20000	3	6
\.


--
-- Data for Name: transfers; Type: TABLE DATA; Schema: public; Owner: -
--

COPY public.transfers (id, created_at, quantity, status, tracking_code, updated_at, dest_branch_id, product_id, requested_by_id, source_branch_id, justification) FROM stdin;
3	2026-03-15 16:07:01.779911	20	RECEIVED	0579d28e-c922-412c-ade2-fda0ae06cf95	2026-03-15 17:01:38.031976	1	1	4	3	\N
4	2026-03-15 21:25:28.461292	5	RECEIVED	a2fde647-5fd2-4f96-ab8a-c74d2f25c015	2026-03-15 21:26:50.629512	3	1	6	1	\N
5	2026-03-15 21:27:27.234556	5	RECEIVED	667fdfca-fe97-483b-aaf0-e777c7361f3f	2026-03-15 21:27:50.499852	3	1	6	1	\N
6	2026-03-15 21:36:37.326673	10	RECEIVED	dc33ffd3-ca30-48d7-9abe-3456f84a0987	2026-03-15 21:37:04.104959	3	1	6	1	\N
7	2026-03-18 11:43:11.688572	2	RECEIVED	7b1094f6-cc43-4bd5-a14f-3e544ef06996	2026-03-18 11:49:25.052931	2	10	3	3	\N
18	2026-03-18 13:14:19.507994	10	RECEIVED	f72460f6-bcbc-4a16-81de-ca106166a669	2026-03-18 13:14:49.857716	2	16	3	\N	\N
21	2026-03-18 13:18:26.683384	10	RECEIVED	84052e8b-9353-4c02-93da-fdde3da9dad9	2026-03-18 13:19:07.976613	3	16	3	\N	\N
19	2026-03-18 13:18:26.387126	10	RECEIVED	49cf54fd-0333-405a-91c1-153e8852cb7d	2026-03-18 13:19:39.882449	2	16	3	\N	\N
20	2026-03-18 13:18:26.541006	10	RECEIVED	8f541197-a49d-4d7e-af7d-890d482e0b4b	2026-03-18 13:20:33.692525	1	16	3	\N	\N
22	2026-03-18 19:30:32.834225	10	RECEIVED	bc0ed6f9-3fb3-4e72-b54a-8b8c6f056866	2026-03-18 19:30:55.988508	1	5	3	\N	\N
23	2026-03-18 21:54:40.162033	7	RECEIVED	e02db1fb-414f-4a90-9881-b467d3927797	2026-03-18 21:56:20.145841	1	19	3	3	\N
\.


--
-- Data for Name: users; Type: TABLE DATA; Schema: public; Owner: -
--

COPY public.users (id, password, role, username, branch_id, name) FROM stdin;
2	$2a$10$1niVEyz52svwBkrmJfg7pe5gYcQB0L.y5Lrr0KWi1D/iNWv1nlW2a	USER	aba	\N	aba
5	$2a$10$JDn8UQ.BA5YnqoGIqJKWXePmX7fVY6YmqdHVtmveC1GuY1gjUKX.e	SUCURSAL	sucursal2	2	Sucursal 2
3	$2a$10$MbbzmYVd8v1UE0ihYUoUTOWtjehf1dd6XA8WoGgM3RBpI/TIKx6/i	ADMIN	admin	\N	ADMIN
4	$2a$10$qmVlazinCmo4WqMhnV.JqOSLX1woIvY7kbudsPsguGtcQoLEB3y0a	SUCURSAL	sucursal1	1	Sucursal 1
6	$2a$10$KxchJgET8MZZH/B9GDVOpu/AkPYtySLyhvP4Fw7K9gS1XBv.HdeVy	SUCURSAL	sucursalcentral	3	Sucursal Central
7	$2a$10$8QbG8t8xnjusMbOEa2ydj.kDLD3zewLYPUARwLCDRVbP5dLjoRXd.	SUCURSAL	sucursalcentral2	3	Sucursal Central
\.


--
-- Name: branches_id_seq; Type: SEQUENCE SET; Schema: public; Owner: -
--

SELECT pg_catalog.setval('public.branches_id_seq', 4, true);


--
-- Name: categories_id_seq; Type: SEQUENCE SET; Schema: public; Owner: -
--

SELECT pg_catalog.setval('public.categories_id_seq', 10, true);


--
-- Name: inventories_id_seq; Type: SEQUENCE SET; Schema: public; Owner: -
--

SELECT pg_catalog.setval('public.inventories_id_seq', 100, true);


--
-- Name: product_exchanges_id_seq; Type: SEQUENCE SET; Schema: public; Owner: -
--

SELECT pg_catalog.setval('public.product_exchanges_id_seq', 1, false);


--
-- Name: product_returns_id_seq; Type: SEQUENCE SET; Schema: public; Owner: -
--

SELECT pg_catalog.setval('public.product_returns_id_seq', 1, false);


--
-- Name: products_id_seq; Type: SEQUENCE SET; Schema: public; Owner: -
--

SELECT pg_catalog.setval('public.products_id_seq', 25, true);


--
-- Name: sale_items_id_seq; Type: SEQUENCE SET; Schema: public; Owner: -
--

SELECT pg_catalog.setval('public.sale_items_id_seq', 817, true);


--
-- Name: sales_id_seq; Type: SEQUENCE SET; Schema: public; Owner: -
--

SELECT pg_catalog.setval('public.sales_id_seq', 338, true);


--
-- Name: transfers_id_seq; Type: SEQUENCE SET; Schema: public; Owner: -
--

SELECT pg_catalog.setval('public.transfers_id_seq', 23, true);


--
-- Name: users_id_seq; Type: SEQUENCE SET; Schema: public; Owner: -
--

SELECT pg_catalog.setval('public.users_id_seq', 7, true);


--
-- Name: branches branches_pkey; Type: CONSTRAINT; Schema: public; Owner: -
--

ALTER TABLE ONLY public.branches
    ADD CONSTRAINT branches_pkey PRIMARY KEY (id);


--
-- Name: categories categories_pkey; Type: CONSTRAINT; Schema: public; Owner: -
--

ALTER TABLE ONLY public.categories
    ADD CONSTRAINT categories_pkey PRIMARY KEY (id);


--
-- Name: inventories inventories_pkey; Type: CONSTRAINT; Schema: public; Owner: -
--

ALTER TABLE ONLY public.inventories
    ADD CONSTRAINT inventories_pkey PRIMARY KEY (id);


--
-- Name: product_exchanges product_exchanges_pkey; Type: CONSTRAINT; Schema: public; Owner: -
--

ALTER TABLE ONLY public.product_exchanges
    ADD CONSTRAINT product_exchanges_pkey PRIMARY KEY (id);


--
-- Name: product_returns product_returns_pkey; Type: CONSTRAINT; Schema: public; Owner: -
--

ALTER TABLE ONLY public.product_returns
    ADD CONSTRAINT product_returns_pkey PRIMARY KEY (id);


--
-- Name: products products_pkey; Type: CONSTRAINT; Schema: public; Owner: -
--

ALTER TABLE ONLY public.products
    ADD CONSTRAINT products_pkey PRIMARY KEY (id);


--
-- Name: sale_items sale_items_pkey; Type: CONSTRAINT; Schema: public; Owner: -
--

ALTER TABLE ONLY public.sale_items
    ADD CONSTRAINT sale_items_pkey PRIMARY KEY (id);


--
-- Name: sales sales_pkey; Type: CONSTRAINT; Schema: public; Owner: -
--

ALTER TABLE ONLY public.sales
    ADD CONSTRAINT sales_pkey PRIMARY KEY (id);


--
-- Name: transfers transfers_pkey; Type: CONSTRAINT; Schema: public; Owner: -
--

ALTER TABLE ONLY public.transfers
    ADD CONSTRAINT transfers_pkey PRIMARY KEY (id);


--
-- Name: branches ukhw68nd07qk3jrjfg70qxq9vb7; Type: CONSTRAINT; Schema: public; Owner: -
--

ALTER TABLE ONLY public.branches
    ADD CONSTRAINT ukhw68nd07qk3jrjfg70qxq9vb7 UNIQUE (name);


--
-- Name: inventories ukp5ux0ijhbxmbxcp04ae1t4kdx; Type: CONSTRAINT; Schema: public; Owner: -
--

ALTER TABLE ONLY public.inventories
    ADD CONSTRAINT ukp5ux0ijhbxmbxcp04ae1t4kdx UNIQUE (branch_id, product_id);


--
-- Name: users ukr43af9ap4edm43mmtq01oddj6; Type: CONSTRAINT; Schema: public; Owner: -
--

ALTER TABLE ONLY public.users
    ADD CONSTRAINT ukr43af9ap4edm43mmtq01oddj6 UNIQUE (username);


--
-- Name: categories ukt8o6pivur7nn124jehx7cygw5; Type: CONSTRAINT; Schema: public; Owner: -
--

ALTER TABLE ONLY public.categories
    ADD CONSTRAINT ukt8o6pivur7nn124jehx7cygw5 UNIQUE (name);


--
-- Name: users users_pkey; Type: CONSTRAINT; Schema: public; Owner: -
--

ALTER TABLE ONLY public.users
    ADD CONSTRAINT users_pkey PRIMARY KEY (id);


--
-- Name: product_exchanges fk2yjnpb6911x0qr2iy7rm939b6; Type: FK CONSTRAINT; Schema: public; Owner: -
--

ALTER TABLE ONLY public.product_exchanges
    ADD CONSTRAINT fk2yjnpb6911x0qr2iy7rm939b6 FOREIGN KEY (new_product_id) REFERENCES public.products(id);


--
-- Name: product_exchanges fk3u0r048ab4y3dj4oxlw2trddh; Type: FK CONSTRAINT; Schema: public; Owner: -
--

ALTER TABLE ONLY public.product_exchanges
    ADD CONSTRAINT fk3u0r048ab4y3dj4oxlw2trddh FOREIGN KEY (sale_item_id) REFERENCES public.sale_items(id);


--
-- Name: transfers fk6du30e0fkkuuyhn692s6jm52a; Type: FK CONSTRAINT; Schema: public; Owner: -
--

ALTER TABLE ONLY public.transfers
    ADD CONSTRAINT fk6du30e0fkkuuyhn692s6jm52a FOREIGN KEY (product_id) REFERENCES public.products(id);


--
-- Name: sales fk79274igjto83cxq8t5ggnlvb2; Type: FK CONSTRAINT; Schema: public; Owner: -
--

ALTER TABLE ONLY public.sales
    ADD CONSTRAINT fk79274igjto83cxq8t5ggnlvb2 FOREIGN KEY (sold_by_id) REFERENCES public.users(id);


--
-- Name: sale_items fk7tcpbc5c5mpnm8fl2phl8ep7l; Type: FK CONSTRAINT; Schema: public; Owner: -
--

ALTER TABLE ONLY public.sale_items
    ADD CONSTRAINT fk7tcpbc5c5mpnm8fl2phl8ep7l FOREIGN KEY (sale_id) REFERENCES public.sales(id);


--
-- Name: transfers fk83r0km497n7qro5myh4p8n4ee; Type: FK CONSTRAINT; Schema: public; Owner: -
--

ALTER TABLE ONLY public.transfers
    ADD CONSTRAINT fk83r0km497n7qro5myh4p8n4ee FOREIGN KEY (dest_branch_id) REFERENCES public.branches(id);


--
-- Name: inventories fk8drmqyx629j3oo8ct9jnc5y3y; Type: FK CONSTRAINT; Schema: public; Owner: -
--

ALTER TABLE ONLY public.inventories
    ADD CONSTRAINT fk8drmqyx629j3oo8ct9jnc5y3y FOREIGN KEY (product_id) REFERENCES public.products(id);


--
-- Name: sale_items fk8g0sjiqs7tg055o06p6wawu39; Type: FK CONSTRAINT; Schema: public; Owner: -
--

ALTER TABLE ONLY public.sale_items
    ADD CONSTRAINT fk8g0sjiqs7tg055o06p6wawu39 FOREIGN KEY (product_id) REFERENCES public.products(id);


--
-- Name: users fk9o70sp9ku40077y38fk4wieyk; Type: FK CONSTRAINT; Schema: public; Owner: -
--

ALTER TABLE ONLY public.users
    ADD CONSTRAINT fk9o70sp9ku40077y38fk4wieyk FOREIGN KEY (branch_id) REFERENCES public.branches(id);


--
-- Name: inventories fkgs563w23gys2co425wraxaj1o; Type: FK CONSTRAINT; Schema: public; Owner: -
--

ALTER TABLE ONLY public.inventories
    ADD CONSTRAINT fkgs563w23gys2co425wraxaj1o FOREIGN KEY (branch_id) REFERENCES public.branches(id);


--
-- Name: product_returns fkk268rqady4fmxb2qsdiv14ujh; Type: FK CONSTRAINT; Schema: public; Owner: -
--

ALTER TABLE ONLY public.product_returns
    ADD CONSTRAINT fkk268rqady4fmxb2qsdiv14ujh FOREIGN KEY (branch_id) REFERENCES public.branches(id);


--
-- Name: product_returns fkmep1c2scyyb59x1cfyc7el060; Type: FK CONSTRAINT; Schema: public; Owner: -
--

ALTER TABLE ONLY public.product_returns
    ADD CONSTRAINT fkmep1c2scyyb59x1cfyc7el060 FOREIGN KEY (sale_item_id) REFERENCES public.sale_items(id);


--
-- Name: product_exchanges fko3gtr8meu1ncv7tmd236r2wh8; Type: FK CONSTRAINT; Schema: public; Owner: -
--

ALTER TABLE ONLY public.product_exchanges
    ADD CONSTRAINT fko3gtr8meu1ncv7tmd236r2wh8 FOREIGN KEY (branch_id) REFERENCES public.branches(id);


--
-- Name: products fkog2rp4qthbtt2lfyhfo32lsw9; Type: FK CONSTRAINT; Schema: public; Owner: -
--

ALTER TABLE ONLY public.products
    ADD CONSTRAINT fkog2rp4qthbtt2lfyhfo32lsw9 FOREIGN KEY (category_id) REFERENCES public.categories(id);


--
-- Name: transfers fkpfg3dqbhov1b558jdal2lq77s; Type: FK CONSTRAINT; Schema: public; Owner: -
--

ALTER TABLE ONLY public.transfers
    ADD CONSTRAINT fkpfg3dqbhov1b558jdal2lq77s FOREIGN KEY (source_branch_id) REFERENCES public.branches(id);


--
-- Name: sales fkrhimhek4ehsu31ujgod41qnhx; Type: FK CONSTRAINT; Schema: public; Owner: -
--

ALTER TABLE ONLY public.sales
    ADD CONSTRAINT fkrhimhek4ehsu31ujgod41qnhx FOREIGN KEY (branch_id) REFERENCES public.branches(id);


--
-- Name: transfers fks8bokm8pxq4s3mrbyvepyeyoc; Type: FK CONSTRAINT; Schema: public; Owner: -
--

ALTER TABLE ONLY public.transfers
    ADD CONSTRAINT fks8bokm8pxq4s3mrbyvepyeyoc FOREIGN KEY (requested_by_id) REFERENCES public.users(id);


--
-- PostgreSQL database dump complete
--

\unrestrict Ql47zIwr68jXANS8TwhEdAEBoNh7x2bsPcItFexZpJX0y8uM5MCf80Epz464Q0e

